<?xml version="1.0" encoding="UTF-8" ?>
<!DOCTYPE mapper PUBLIC "-//mybatis.org//DTD Mapper 3.0//EN" "http://mybatis.org/dtd/mybatis-3-mapper.dtd" >
<mapper namespace="com.evmtv.sharding.mapper.StudentMapper" >
  <resultMap id="BaseResultMap" type="com.evmtv.sharding.entity.Student" >
    <id column="id" property="id" jdbcType="INTEGER" />
    <result column="student_id" property="studentId" jdbcType="INTEGER" />
    <result column="name" property="name" jdbcType="VARCHAR" />
    <result column="age" property="age" jdbcType="INTEGER" />
  </resultMap>
  <sql id="Base_Column_List" >
    id, student_id, name, age
  </sql>
  <select id="selectByPrimaryKey" resultMap="BaseResultMap" parameterType="java.lang.Integer" >
    select 
    <include refid="Base_Column_List" />
    from t_student
    where id = #{id,jdbcType=INTEGER}
  </select>
  <delete id="deleteByPrimaryKey" parameterType="java.lang.Integer" >
    delete from t_student
    where id = #{id,jdbcType=INTEGER}
  </delete>
  <insert id="insert" parameterType="com.evmtv.sharding.entity.Student" >
    insert into t_student(id, student_id, name,
      age)
    values (#{id,jdbcType=INTEGER}, #{studentId,jdbcType=INTEGER}, #{name,jdbcType=VARCHAR}, 
      #{age,jdbcType=INTEGER})
  </insert>
  <insert id="insertSelective" parameterType="com.evmtv.sharding.entity.Student" >
    insert into t_student
    <trim prefix="(" suffix=")" suffixOverrides="," >
      <if test="id != null" >
        id,
      </if>
      <if test="studentId != null" >
        student_id,
      </if>
      <if test="name != null" >
        name,
      </if>
      <if test="age != null" >
        age,
      </if>
    </trim>
    <trim prefix="values (" suffix=")" suffixOverrides="," >
      <if test="id != null" >
        #{id,jdbcType=INTEGER},
      </if>
      <if test="studentId != null" >
        #{studentId,jdbcType=INTEGER},
      </if>
      <if test="name != null" >
        #{name,jdbcType=VARCHAR},
      </if>
      <if test="age != null" >
        #{age,jdbcType=INTEGER},
      </if>
    </trim>
  </insert>
  <update id="updateByPrimaryKeySelective" parameterType="com.evmtv.sharding.entity.Student" >
    update t_student
    <set >
      <if test="studentId != null" >
        student_id = #{studentId,jdbcType=INTEGER},
      </if>
      <if test="name != null" >
        name = #{name,jdbcType=VARCHAR},
      </if>
      <if test="age != null" >
        age = #{age,jdbcType=INTEGER},
      </if>
    </set>
    where id = #{id,jdbcType=INTEGER}
  </update>
  <update id="updateByPrimaryKey" parameterType="com.evmtv.sharding.entity.Student" >
    update t_student
    set student_id = #{studentId,jdbcType=INTEGER},
      name = #{name,jdbcType=VARCHAR},
      age = #{age,jdbcType=INTEGER}
    where id = #{id,jdbcType=INTEGER}
  </update>


  <select id="findAll" resultMap="BaseResultMap">
    select * from t_student
  </select>

  <select id="findByStudentIds" resultMap="BaseResultMap">
    select * from t_student where student_id in (
    <foreach collection="list" item="item" separator=",">
      #{item}
    </foreach>
    )

  </select>

</mapper>