<?xml version="1.0" encoding="UTF-8" ?>
<!DOCTYPE mapper PUBLIC "-//mybatis.org//DTD Mapper 3.0//EN" "http://mybatis.org/dtd/mybatis-3-mapper.dtd" >
<mapper namespace="com.evmtv.sharding.mapper.UserMapper" >
  <resultMap id="BaseResultMap" type="com.evmtv.sharding.entity.User" >
    <id column="id" property="id" jdbcType="INTEGER" />
    <result column="user_id" property="userId" jdbcType="INTEGER" />
    <result column="name" property="name" jdbcType="VARCHAR" />
    <result column="age" property="age" jdbcType="INTEGER" />
  </resultMap>
  <sql id="Base_Column_List" >
    id, user_id, name, age
  </sql>
  <select id="selectByPrimaryKey" resultMap="BaseResultMap" parameterType="java.lang.Integer" >
    select 
    <include refid="Base_Column_List" />
    from t_user
    where id = #{id,jdbcType=INTEGER}
  </select>
  <delete id="deleteByPrimaryKey" parameterType="java.lang.Integer" >
    delete from t_user
    where user_id = #{id,jdbcType=INTEGER}
  </delete>
  <insert id="insert" parameterType="com.evmtv.sharding.entity.User" >
    insert into t_user(id, user_id, name,
      age)
    values (#{id,jdbcType=INTEGER}, #{userId,jdbcType=INTEGER}, #{name,jdbcType=VARCHAR}, #{age,jdbcType=INTEGER})
  </insert>
  <insert id="insertSelective" parameterType="com.evmtv.sharding.entity.User" >
    insert into t_user
    <trim prefix="(" suffix=")" suffixOverrides="," >
      <if test="id != null" >
        id,
      </if>
      <if test="userId != null" >
        user_id,
      </if>
      <if test="name != null" >
        name,
      </if>
      <if test="age != null" >
        age,
      </if>
    </trim>
    <trim prefix="values (" suffix=")" suffixOverrides="," >
      <if test="id != null" >
        #{id,jdbcType=INTEGER},
      </if>
      <if test="userId != null" >
        #{userId,jdbcType=INTEGER},
      </if>
      <if test="name != null" >
        #{name,jdbcType=VARCHAR},
      </if>
      <if test="age != null" >
        #{age,jdbcType=INTEGER},
      </if>
    </trim>
  </insert>
  <update id="updateByPrimaryKeySelective" parameterType="com.evmtv.sharding.entity.User" >
    update t_user
    <set >
      <if test="userId != null" >
        user_id = #{userId,jdbcType=INTEGER},
      </if>
      <if test="name != null" >
        name = #{name,jdbcType=VARCHAR},
      </if>
      <if test="age != null" >
        age = #{age,jdbcType=INTEGER},
      </if>
    </set>
    where id = #{id,jdbcType=INTEGER}
  </update>
  <update id="updateByPrimaryKey" parameterType="com.evmtv.sharding.entity.User" >
    update t_user
    set user_id = #{userId,jdbcType=INTEGER},
      name = #{name,jdbcType=VARCHAR},
      age = #{age,jdbcType=INTEGER}
    where id = #{id,jdbcType=INTEGER}
  </update>


  <select id="findAll" resultMap="BaseResultMap">
       select * from t_user
  </select>

  <select id="findByUserIds" resultMap="BaseResultMap">
    select * from t_user where user_id in (
    <foreach collection="list" item="item" separator=",">
      #{item}
    </foreach>
    )
  </select>
  <select id="count" resultType="java.lang.Integer">
           select count(*) from t_user
  </select>
  <select id="left" resultType="com.evmtv.sharding.entity.User">
      select t_user.* from t_user
    left JOIN t_student
    on t_user.id=t_student.student_id
  </select>
</mapper>