<?xml version="1.0" encoding="UTF-8"?>
<configuration scan="true" scanPeriod="60 seconds" debug="false">
    <!--定义日志文件的存储地址 勿在 LogBack 的配置中使用相对路径 -->
    <property name="LOG_HOME" value="/opt/tomcat/logs/ShardingDemo"/>
    <!-- 控制台输出 -->
    <appender name="console" class="ch.qos.logback.core.ConsoleAppender">
        <encoder>
            <pattern>%d{yyyy-MM-dd HH:mm:ss} %5p [%t] %replace(%caller{1}){'\t|Caller.{1}0|\r\n', ''} - %m%n</pattern>
        </encoder>
    </appender>
    <!-- 按照每天生成日志文件 -->
    <appender name="rollingFile" class="ch.qos.logback.core.rolling.RollingFileAppender">
        <file>${LOG_HOME}/log.txt</file>
        <rollingPolicy class="ch.qos.logback.core.rolling.TimeBasedRollingPolicy">
            <fileNamePattern>${LOG_HOME}/log.%d{yyyy-MM-dd}.txt</fileNamePattern>
            <!-- 每个文件的大小 -->
            <MaxFileSize>100MB</MaxFileSize>
            <!-- 文件保存天数 -->
            <maxHistory>30</maxHistory>
            <!-- 所有文件的大小 -->
            <totalSizeCap>1GB</totalSizeCap>
        </rollingPolicy>
        <encoder>
            <!--格式化输出：%d表示日期，%thread表示线程名，%-5level：级别从左显示5个字符宽度%msg：日志消息，%n是换行符 -->
            <pattern>%d{yyyy-MM-dd HH:mm:ss}[%thread] %-5level %logger{32}[%line]- %msg%n</pattern>
        </encoder>
    </appender>
    <!-- 日志输出级别 -->
    <root level="info">
        <appender-ref ref="console"/>
        <appender-ref ref="rollingFile"/>
    </root>

    <!--  MyBatis打印sql语句 -->
    <!--<logger name="com.evmtv.sharding.mapper" level="debug"/>-->
</configuration>