<?xml version="1.0" encoding="UTF-8"?>
<beans xmlns="http://www.springframework.org/schema/beans"
	xmlns:xsi="http://www.w3.org/2001/XMLSchema-instance" xmlns:aop="http://www.springframework.org/schema/aop"
	xmlns:tx="http://www.springframework.org/schema/tx" xmlns:jdbc="http://www.springframework.org/schema/jdbc"
	xmlns:context="http://www.springframework.org/schema/context"
	xsi:schemaLocation="
     http://www.springframework.org/schema/context http://www.springframework.org/schema/context/spring-context.xsd
     http://www.springframework.org/schema/beans http://www.springframework.org/schema/beans/spring-beans.xsd
     http://www.springframework.org/schema/jdbc http://www.springframework.org/schema/jdbc/spring-jdbc.xsd
     http://www.springframework.org/schema/tx http://www.springframework.org/schema/tx/spring-tx.xsd
     http://www.springframework.org/schema/aop http://www.springframework.org/schema/aop/spring-aop.xsd ">

	<!-- 引入配置文件 -->
	<bean id="propertyConfigurer"
		class="org.springframework.beans.factory.config.PropertyPlaceholderConfigurer" >
		<property name="location" value="classpath:jdbc.properties"  />
        <!--防止解析通配符报错-->
		<property name="ignoreUnresolvablePlaceholders" value="true"/>
	</bean>
	<!--<bean id="dataSource0"  class="com.mchange.v2.c3p0.ComboPooledDataSource"  destroy-method="close">-->
		<!--&lt;!&ndash; 基本信息 &ndash;&gt;-->
		<!--<property name="jdbcUrl" value="${jdbc.url0}"></property>-->
		<!--<property name="driverClass" value="${jdbc.driverClassName}"></property>-->
		<!--<property name="user" value="${jdbc.username}"></property>-->
		<!--<property name="password" value="${jdbc.password}"></property>-->
		<!--&lt;!&ndash; 其他配置 &ndash;&gt;-->
		<!--&lt;!&ndash;初始化时获取三个连接，取值应在minPoolSize与maxPoolSize之间。Default: 3 &ndash;&gt;-->
		<!--<property name="initialPoolSize" value="5"></property>-->
		<!--&lt;!&ndash;连接池中保留的最小连接数。Default: 3 &ndash;&gt;-->
		<!--<property name="minPoolSize" value="5"></property>-->
		<!--&lt;!&ndash;连接池中保留的最大连接数。Default: 15 &ndash;&gt;-->
		<!--<property name="maxPoolSize" value="128"></property>-->
		<!--&lt;!&ndash;当连接池中的连接耗尽的时候c3p0一次同时获取的连接数。Default: 3 &ndash;&gt;-->
		<!--<property name="acquireIncrement" value="5"></property>-->
		<!--&lt;!&ndash; 控制数据源内加载的PreparedStatements数量。如果maxStatements与maxStatementsPerConnection均为0，则缓存被关闭。Default: 0 &ndash;&gt;-->
		<!--<property name="maxStatements" value="0"></property>-->
		<!--&lt;!&ndash; maxStatementsPerConnection定义了连接池内单个连接所拥有的最大缓存statements数。Default: 0 &ndash;&gt;-->
		<!--<property name="maxStatementsPerConnection" value="5"></property>-->
		<!--&lt;!&ndash;最大空闲时间,1800秒内未使用则连接被丢弃。若为0则永不丢弃。Default: 0 &ndash;&gt;-->
		<!--<property name="maxIdleTime" value="1800"></property>-->

		<!--<property name="idleConnectionTestPeriod" value="1800"></property>-->
		<!--&lt;!&ndash;连接池在获得新连接失败时重试的次数&ndash;&gt;-->
		<!--<property name="acquireRetryAttempts" value="30"></property>-->
		<!--&lt;!&ndash;true 连接获取失败时自动关闭数据源&ndash;&gt;-->
		<!--<property name="breakAfterAcquireFailure" value="false"></property>-->
		<!--<property name="testConnectionOnCheckout" value="false"></property>-->
	<!--</bean>-->

	<!--<bean id="dataSource1"  class="com.mchange.v2.c3p0.ComboPooledDataSource"  destroy-method="close">-->
		<!--&lt;!&ndash; 基本信息 &ndash;&gt;-->
		<!--<property name="jdbcUrl" value="${jdbc.url1}"></property>-->
		<!--<property name="driverClass" value="${jdbc.driverClassName}"></property>-->
		<!--<property name="user" value="${jdbc.username}"></property>-->
		<!--<property name="password" value="${jdbc.password}"></property>-->
		<!--&lt;!&ndash; 其他配置 &ndash;&gt;-->
		<!--&lt;!&ndash;初始化时获取三个连接，取值应在minPoolSize与maxPoolSize之间。Default: 3 &ndash;&gt;-->
		<!--<property name="initialPoolSize" value="5"></property>-->
		<!--&lt;!&ndash;连接池中保留的最小连接数。Default: 3 &ndash;&gt;-->
		<!--<property name="minPoolSize" value="5"></property>-->
		<!--&lt;!&ndash;连接池中保留的最大连接数。Default: 15 &ndash;&gt;-->
		<!--<property name="maxPoolSize" value="128"></property>-->
		<!--&lt;!&ndash;当连接池中的连接耗尽的时候c3p0一次同时获取的连接数。Default: 3 &ndash;&gt;-->
		<!--<property name="acquireIncrement" value="5"></property>-->
		<!--&lt;!&ndash; 控制数据源内加载的PreparedStatements数量。如果maxStatements与maxStatementsPerConnection均为0，则缓存被关闭。Default: 0 &ndash;&gt;-->
		<!--<property name="maxStatements" value="0"></property>-->
		<!--&lt;!&ndash; maxStatementsPerConnection定义了连接池内单个连接所拥有的最大缓存statements数。Default: 0 &ndash;&gt;-->
		<!--<property name="maxStatementsPerConnection" value="5"></property>-->
		<!--&lt;!&ndash;最大空闲时间,1800秒内未使用则连接被丢弃。若为0则永不丢弃。Default: 0 &ndash;&gt;-->
		<!--<property name="maxIdleTime" value="1800"></property>-->

		<!--<property name="idleConnectionTestPeriod" value="1800"></property>-->
		<!--&lt;!&ndash;连接池在获得新连接失败时重试的次数&ndash;&gt;-->
		<!--<property name="acquireRetryAttempts" value="30"></property>-->
		<!--&lt;!&ndash;true 连接获取失败时自动关闭数据源&ndash;&gt;-->
		<!--<property name="breakAfterAcquireFailure" value="false"></property>-->
		<!--<property name="testConnectionOnCheckout" value="false"></property>-->
	<!--</bean>-->
	<bean name="dataSource0" class="com.alibaba.druid.pool.DruidDataSource" init-method="init" destroy-method="close">
		<property name="url" value="${jdbc.url0}" />
		<property name="username" value="${jdbc.username}" />
		<property name="password" value="${jdbc.password}" />
		<property name="driverClassName" value="${jdbc.driverClassName}" />

		<!-- 初始化连接大小 -->
		<property name="initialSize" value="10" />
		<!-- 连接池最大使用连接数量 -->
		<property name="maxActive" value="128" />
		<!-- 连接池最小空闲 -->
		<property name="minIdle" value="5" />
		<!-- 获取连接最大等待时间 -->
		<property name="maxWait" value="60000" />
		<property name="testOnBorrow" value="false" />
		<property name="testOnReturn" value="false" />
		<property name="testWhileIdle" value="true" />
		<!-- 配置间隔多久才进行一次检测，检测需要关闭的空闲连接，单位是毫秒 -->
		<property name="timeBetweenEvictionRunsMillis" value="60000" />
		<!-- 配置一个连接在池中最小生存的时间，单位是毫秒 -->
		<property name="minEvictableIdleTimeMillis" value="300000" />
		<!-- 打开removeAbandoned功能 -->
		<property name="removeAbandoned" value="true" />
		<!-- 1800秒，也就是30分钟 -->
		<property name="removeAbandonedTimeout" value="1800" />
		<!-- 关闭abanded连接时输出错误日志 -->
		<property name="logAbandoned" value="true" />
		<property name="filters" value="stat" />
	</bean>

	<bean name="dataSource1" class="com.alibaba.druid.pool.DruidDataSource" init-method="init" destroy-method="close">
		<property name="url" value="${jdbc.url1}" />
		<property name="username" value="${jdbc.username}" />
		<property name="password" value="${jdbc.password}" />
		<property name="driverClassName" value="${jdbc.driverClassName}" />

		<!-- 初始化连接大小 -->
		<property name="initialSize" value="10" />
		<!-- 连接池最大使用连接数量 -->
		<property name="maxActive" value="128" />
		<!-- 连接池最小空闲 -->
		<property name="minIdle" value="5" />
		<!-- 获取连接最大等待时间 -->
		<property name="maxWait" value="60000" />
		<property name="testOnBorrow" value="false" />
		<property name="testOnReturn" value="false" />
		<property name="testWhileIdle" value="true" />
		<!-- 配置间隔多久才进行一次检测，检测需要关闭的空闲连接，单位是毫秒 -->
		<property name="timeBetweenEvictionRunsMillis" value="60000" />
		<!-- 配置一个连接在池中最小生存的时间，单位是毫秒 -->
		<property name="minEvictableIdleTimeMillis" value="300000" />
		<!-- 打开removeAbandoned功能 -->
		<property name="removeAbandoned" value="true" />
		<!-- 1800秒，也就是30分钟 -->
		<property name="removeAbandonedTimeout" value="1800" />
		<!-- 关闭abanded连接时输出错误日志 -->
		<property name="logAbandoned" value="true" />
		<property name="filters" value="stat" />
	</bean>


</beans>