<?xml version="1.0" encoding="UTF-8"?>
    <beans xmlns="http://www.springframework.org/schema/beans"
           xmlns:xsi="http://www.w3.org/2001/XMLSchema-instance"
           xmlns:context="http://www.springframework.org/schema/context"
           xmlns:tx="http://www.springframework.org/schema/tx"
           xmlns:sharding="http://shardingsphere.io/schema/shardingsphere/sharding"
           xsi:schemaLocation="http://www.springframework.org/schema/beans
                        http://www.springframework.org/schema/beans/spring-beans.xsd
                        http://www.springframework.org/schema/tx
                        http://www.springframework.org/schema/tx/spring-tx.xsd
                        http://www.springframework.org/schema/context
                        http://www.springframework.org/schema/context/spring-context.xsd
                         http://shardingsphere.io/schema/shardingsphere/sharding
                        http://shardingsphere.io/schema/shardingsphere/sharding/sharding.xsd">
    <!-- spring和MyBatis整合 -->
    <!-- DAO接口所在包名，Spring会自动查找其下的类 -->
    <bean class="org.mybatis.spring.mapper.MapperScannerConfigurer">
        <property name="basePackage" value="com.evmtv.sharding.mapper" />
        <property name="sqlSessionFactoryBeanName" value="sqlSessionFactory"></property>
    </bean>


    <bean id="sqlSessionFactory" class="org.mybatis.spring.SqlSessionFactoryBean">
        <property name="dataSource" ref="shardingDataSource" />
        <!-- 自动扫描mapping.xml文件 -->
        <property name="mapperLocations" value="classpath:com/evmtv/sharding/mapper/*.xml"></property>
    </bean>


    <!-- 可能不同的业务表有不同的业务规则，会出现好多个分库，分表策略-->
    <bean id="TableShardingAlgorithm" class="com.evmtv.sharding.common.TableShardingAlgorithm" />
    <bean id="DatabaseShardingAlgorithm" class="com.evmtv.sharding.common.DatabaseShardingAlgorithm" />

    <!-- 可能不同的业务表有不同的业务规则，会出现好多个分库，分表策略，这块指定了-->
    <sharding:standard-strategy id="UserTableShardingStrategy" sharding-column="user_id" precise-algorithm-ref="TableShardingAlgorithm" />
    <sharding:standard-strategy id="UserDatabaseShardingStrategy" sharding-column="user_id" precise-algorithm-ref="DatabaseShardingAlgorithm" />

    <sharding:standard-strategy id="StudentTableShardingStrategy" sharding-column="student_id" precise-algorithm-ref="TableShardingAlgorithm" />
    <sharding:standard-strategy id="StudentTdatabaseShardingStrategy" sharding-column="student_id" precise-algorithm-ref="DatabaseShardingAlgorithm" />


    <sharding:data-source id="shardingDataSource">
        <sharding:sharding-rule data-source-names="dataSource0,dataSource1">
            <sharding:table-rules>
                <sharding:table-rule logic-table="t_user"
                                     actual-data-nodes="dataSource$->{0..1}.t_user_$->{0..1}" table-strategy-ref="UserTableShardingStrategy" database-strategy-ref="UserDatabaseShardingStrategy" />
                <sharding:table-rule logic-table="t_student"
                                     actual-data-nodes="dataSource$->{0..1}.t_student_$->{0..1}" table-strategy-ref="StudentTableShardingStrategy" database-strategy-ref="StudentTdatabaseShardingStrategy" />
                <!--<sharding:table-rule logic-table="t_user"-->
                                     <!--actual-data-nodes=".sharding_$->{0..1}"-->
                                     <!--database-strategy-ref="databaseShardingStrategy" table-strategy-ref="tableShardingStrategy"-->
                                     <!--generate-key-column-name="id" />-->
            </sharding:table-rules>
        </sharding:sharding-rule>
        <sharding:props>
            <prop key="sql.show">true</prop>
            <prop key="executor.size">10</prop>
        </sharding:props>
    </sharding:data-source>



    <!-- 事务管理 -->
    <bean id="transactionManager"
          class="org.springframework.jdbc.datasource.DataSourceTransactionManager">
        <property name="dataSource" ref="shardingDataSource" />
    </bean>
    <!-- 配置 Annotation 驱动，扫描@Transactional注解的类定义事务 -->
    <tx:annotation-driven transaction-manager="transactionManager"
                          proxy-target-class="true" />



</beans>